HUC_12,initial_available,allocation,assemblage,unmet_needs,unmet_count,richness,unmet_proportion
180101020503,20846.752453641653,19822.429655092277,"Northern green sturgeon, Sacramento pikeminnow, Northern tidewater goby, Pacific lamprey, River lamprey, Western brook lamprey, Southern Oregon Northern California coast coho salmon, Northern California coast winter steelhead, California Coast fall Chinook salmon","Southern Oregon Northern California coast coho salmon (101%), Northern California coast winter steelhead (101%), California Coast fall Chinook salmon (101%)",3,9,0.3333333333333333
180101060402,37213.000168477636,34439.53604391361,"Sacramento pikeminnow, Inland threespine stickleback, Pacific lamprey, Western brook lamprey, Southern Oregon Northern California coast coho salmon, Northern California coast winter steelhead, Northern California coast summer steelhead, California Coast fall Chinook salmon",,0,8,0.0
180101040303,13110.044949206953,11565.352209002946,"Sacramento pikeminnow, Pacific lamprey, Northern California coast winter steelhead, Northern California coast summer steelhead, California Coast fall Chinook salmon","Northern California coast winter steelhead (173%), Northern California coast summer steelhead (173%), California Coast fall Chinook salmon (173%)",3,5,0.6
180101040105,208229.31848316494,190946.3143928248,"Sacramento pikeminnow, Pacific lamprey, Southern Oregon Northern California coast coho salmon, Northern California coast winter steelhead, Northern California coast summer steelhead, California Coast fall Chinook salmon",,0,6,0.0
180101060301,74754.39058061231,64619.975803816706,"Sacramento pikeminnow, Inland threespine stickleback, Pacific lamprey, Western brook lamprey, Southern Oregon Northern California coast coho salmon, Northern California coast winter steelhead, Northern California coast summer steelhead, California Coast fall Chinook salmon",,0,8,0.0
180101040502,51820.0012967167,37432.41994456613,"Sacramento pikeminnow, Pacific lamprey, Southern Oregon Northern California coast coho salmon, Northern California coast winter steelhead, Northern California coast summer steelhead, California Coast fall Chinook salmon",,0,6,0.0
180101060303,10063.227756275763,9538.783791479093,"Sacramento pikeminnow, Inland threespine stickleback, Pacific lamprey, Western brook lamprey, Southern Oregon Northern California coast coho salmon, Northern California coast winter steelhead, Northern California coast summer steelhead, California Coast fall Chinook salmon","Western brook lamprey (105%), Southern Oregon Northern California coast coho salmon (210%), Northern California coast winter steelhead (210%), Northern California coast summer steelhead (210%), California Coast fall Chinook salmon (210%)",5,8,0.625
180101050109,182641.60026376383,156730.67522263527,"Sacramento pikeminnow, Pacific lamprey, Southern Oregon Northern California coast coho salmon, Northern California coast winter steelhead, Northern California coast summer steelhead, California Coast fall Chinook salmon",,0,6,0.0
180101060201,108643.73645080795,98897.30378180352,"Sacramento pikeminnow, Inland threespine stickleback, Pacific lamprey, Southern Oregon Northern California coast coho salmon, Northern California coast winter steelhead, Northern California coast summer steelhead, California Coast fall Chinook salmon",,0,7,0.0
180101020501,7243.498100487904,6268.395468837354,"Sacramento pikeminnow, Northern tidewater goby, Pacific lamprey, River lamprey, Western brook lamprey, Southern Oregon Northern California coast coho salmon, Northern California coast winter steelhead, California Coast fall Chinook salmon","Pacific lamprey (128%), River lamprey (160%), Western brook lamprey (160%), Southern Oregon Northern California coast coho salmon (319%), Northern California coast winter steelhead (319%), California Coast fall Chinook salmon (319%)",6,8,0.75
180101060302,39830.65155739546,30042.090539701996,"Sacramento pikeminnow, Inland threespine stickleback, Pacific lamprey, Western brook lamprey, Southern Oregon Northern California coast coho salmon, Northern California coast winter steelhead, Northern California coast summer steelhead, California Coast fall Chinook salmon",,0,8,0.0
180101050206,84695.20225663642,77995.9602060884,"Sacramento pikeminnow, Inland threespine stickleback, Pacific lamprey, River lamprey, Western brook lamprey, Southern Oregon Northern California coast coho salmon, Northern California coast winter steelhead, Northern California coast summer steelhead, California Coast fall Chinook salmon",,0,9,0.0
180101050205,37313.71211832512,33633.06885786703,"Sacramento pikeminnow, Pacific lamprey, Southern Oregon Northern California coast coho salmon, Northern California coast winter steelhead, Northern California coast summer steelhead, California Coast fall Chinook salmon",,0,6,0.0
180101060304,21401.312268466623,19969.63128854398,"Sacramento pikeminnow, Inland threespine stickleback, Pacific lamprey, Western brook lamprey, Southern Oregon Northern California coast coho salmon, Northern California coast winter steelhead, Northern California coast summer steelhead, California Coast fall Chinook salmon","Southern Oregon Northern California coast coho salmon (100%), Northern California coast winter steelhead (100%), Northern California coast summer steelhead (100%), California Coast fall Chinook salmon (100%)",4,8,0.5
180101050101,15076.55264789337,13154.78490008711,"Sacramento pikeminnow, Pacific lamprey, Southern Oregon Northern California coast coho salmon, Northern California coast winter steelhead, Northern California coast summer steelhead","Southern Oregon Northern California coast coho salmon (152%), Northern California coast winter steelhead (152%), Northern California coast summer steelhead (152%)",3,5,0.6
180101060403,98310.97978094235,85092.6161569036,"Sacramento pikeminnow, Inland threespine stickleback, Pacific lamprey, Western brook lamprey, Southern Oregon Northern California coast coho salmon, Northern California coast winter steelhead, Northern California coast summer steelhead, California Coast fall Chinook salmon",,0,8,0.0
180101050405,26278.830571300743,26199.141568684565,"Sacramento pikeminnow, Inland threespine stickleback, Pacific lamprey, River lamprey, Western brook lamprey, Southern Oregon Northern California coast coho salmon, Northern California coast winter steelhead, Northern California coast summer steelhead, California Coast fall Chinook salmon",,0,9,0.0
180101020105,13574.17435277509,11055.332826555876,"Sacramento pikeminnow, Pacific lamprey, River lamprey, Western brook lamprey, Southern Oregon Northern California coast coho salmon, California Coast fall Chinook salmon","Southern Oregon Northern California coast coho salmon (181%), California Coast fall Chinook salmon (181%)",2,6,0.3333333333333333
180101060105,117683.2303255481,122038.7148774148,"Sacramento pikeminnow, Inland threespine stickleback, Pacific lamprey, Southern Oregon Northern California coast coho salmon, Northern California coast winter steelhead, Northern California coast summer steelhead, California Coast fall Chinook salmon",,0,7,0.0
180101040208,26623.183771073815,23807.907554651727,"Sacramento pikeminnow, Pacific lamprey, Southern Oregon Northern California coast coho salmon, Northern California coast winter steelhead, Northern California coast summer steelhead, California Coast fall Chinook salmon",,0,6,0.0
180101050204,65418.13288001531,61958.97846148453,"Sacramento pikeminnow, Pacific lamprey, Southern Oregon Northern California coast coho salmon, Northern California coast winter steelhead, Northern California coast summer steelhead",,0,5,0.0
180101040302,34300.07504159491,33680.9367098827,"Sacramento pikeminnow, Pacific lamprey, Southern Oregon Northern California coast coho salmon, Northern California coast winter steelhead, Northern California coast summer steelhead, California Coast fall Chinook salmon",,0,6,0.0
180101020403,131497.56120394153,122267.46090422473,"Sacramento pikeminnow, Pacific lamprey, Western brook lamprey, Southern Oregon Northern California coast coho salmon, Northern California coast winter steelhead, Northern California coast summer steelhead, California Coast fall Chinook salmon",,0,7,0.0
180101020402,89404.96253439366,72987.92727530713,"Sacramento pikeminnow, Pacific lamprey, Western brook lamprey, Southern Oregon Northern California coast coho salmon, Northern California coast winter steelhead, Northern California coast summer steelhead, California Coast fall Chinook salmon",,0,7,0.0
180101020603,301176.54457442655,286228.29348864616,"Sacramento pikeminnow, Northern tidewater goby, Inland threespine stickleback, Pacific lamprey, River lamprey, Western brook lamprey, Southern Oregon Northern California coast coho salmon, Northern California coast winter steelhead, California Coast fall Chinook salmon",,0,9,0.0
180101020101,729618.4421339644,723605.6621650172,"Sacramento pikeminnow, Pacific lamprey, Western brook lamprey, Southern Oregon Northern California coast coho salmon, Northern California coast winter steelhead, California Coast fall Chinook salmon",,0,6,0.0
180101020408,4358.365356072543,4358.365356072543,"Northern green sturgeon, White sturgeon, Sacramento pikeminnow, Northern tidewater goby, Inland threespine stickleback, Pacific lamprey, River lamprey, Western brook lamprey, Southern Oregon Northern California coast coho salmon, Northern California coast winter steelhead, Northern California coast summer steelhead, California Coast fall Chinook salmon","Northern tidewater goby (138%), Inland threespine stickleback (138%), Pacific lamprey (184%), River lamprey (229%), Western brook lamprey (229%), Southern Oregon Northern California coast coho salmon (459%), Northern California coast winter steelhead (459%), Northern California coast summer steelhead (459%), California Coast fall Chinook salmon (459%)",9,12,0.75
180101030101,50220.879689818175,50220.879689818175,"Sacramento pikeminnow, Pacific lamprey, Southern Oregon Northern California coast coho salmon",,0,3,0.0
180101050406,2794.4791252707514,2778.6491569900923,"Sacramento pikeminnow, Inland threespine stickleback, Pacific lamprey, River lamprey, Western brook lamprey, Southern Oregon Northern California coast coho salmon, Northern California coast winter steelhead, Northern California coast summer steelhead, California Coast fall Chinook salmon","Sacramento pikeminnow (144%), Inland threespine stickleback (216%), Pacific lamprey (288%), River lamprey (360%), Western brook lamprey (360%), Southern Oregon Northern California coast coho salmon (720%), Northern California coast winter steelhead (720%), Northern California coast summer steelhead (720%), California Coast fall Chinook salmon (720%)",9,9,1.0
180101050302,173694.02086441533,173694.02086441533,"Sacramento pikeminnow, Pacific lamprey, Southern Oregon Northern California coast coho salmon, Northern California coast winter steelhead, Northern California coast summer steelhead, California Coast fall Chinook salmon",,0,6,0.0
180101060405,1010.0000853689106,830.969454960328,"Sacramento pikeminnow, Inland threespine stickleback, Pacific lamprey, Western brook lamprey, Southern Oregon Northern California coast coho salmon, Northern California coast winter steelhead, Northern California coast summer steelhead, California Coast fall Chinook salmon","Sacramento pikeminnow (481%), Inland threespine stickleback (722%), Pacific lamprey (963%), Western brook lamprey (1203%), Southern Oregon Northern California coast coho salmon (2407%), Northern California coast winter steelhead (2407%), Northern California coast summer steelhead (2407%), California Coast fall Chinook salmon (2407%)",8,8,1.0
180101060404,19388.52591589557,19388.52591589557,"Sacramento pikeminnow, Pacific lamprey, Western brook lamprey, Southern Oregon Northern California coast coho salmon, Northern California coast winter steelhead, Northern California coast summer steelhead, California Coast fall Chinook salmon","Southern Oregon Northern California coast coho salmon (103%), Northern California coast winter steelhead (103%), Northern California coast summer steelhead (103%), California Coast fall Chinook salmon (103%)",4,7,0.5714285714285714
180101060101,60278.626109654266,54909.752538940054,"Sacramento pikeminnow, Pacific lamprey, Southern Oregon Northern California coast coho salmon, Northern California coast winter steelhead, Northern California coast summer steelhead, California Coast fall Chinook salmon",,0,6,0.0
180101060103,233136.0429115061,228076.8367412184,"Sacramento pikeminnow, Inland threespine stickleback, Pacific lamprey, Southern Oregon Northern California coast coho salmon, Northern California coast winter steelhead, Northern California coast summer steelhead, California Coast fall Chinook salmon",,0,7,0.0
180101040504,85693.5566007299,84427.777070189,"Sacramento pikeminnow, Pacific lamprey, Southern Oregon Northern California coast coho salmon, Northern California coast winter steelhead, Northern California coast summer steelhead, California Coast fall Chinook salmon",,0,6,0.0
180101040507,31573.061457412336,29925.300686011007,"Sacramento pikeminnow, Pacific lamprey, River lamprey, Southern Oregon Northern California coast coho salmon, Northern California coast winter steelhead, Northern California coast summer steelhead, California Coast fall Chinook salmon",,0,7,0.0
180101050702,329854.517653109,297366.10706861137,"Sacramento pikeminnow, Pacific lamprey",,0,2,0.0
180101050602,39244.142441539356,35983.06847542295,"Northern green sturgeon, Sacramento pikeminnow, Inland threespine stickleback, Pacific lamprey, Southern Oregon Northern California coast coho salmon, Northern California coast winter steelhead, Northern California coast summer steelhead, California Coast fall Chinook salmon",,0,8,0.0
180101050901,61394.83610344609,57379.73422084778,"Sacramento pikeminnow, Pacific lamprey, Northern California coast winter steelhead, Northern California coast summer steelhead",,0,4,0.0
180101051001,120540.86501902965,103848.46717781996,"Northern green sturgeon, White sturgeon, Sacramento pikeminnow, Inland threespine stickleback, Pacific lamprey, River lamprey, Western brook lamprey, Southern Oregon Northern California coast coho salmon, Northern California coast winter steelhead, Northern California coast summer steelhead, California Coast fall Chinook salmon",,0,11,0.0
180101030501,59956.25643197544,55522.65577961507,"Sacramento pikeminnow, Pacific lamprey, Southern Oregon Northern California coast coho salmon, California Coast fall Chinook salmon",,0,4,0.0
180101030102,40757.59310150612,40140.555553913015,"Sacramento pikeminnow, Inland threespine stickleback, Pacific lamprey, Southern Oregon Northern California coast coho salmon",,0,4,0.0
180101030103,157561.77245377278,152616.7206144487,"Sacramento pikeminnow, Inland threespine stickleback, Pacific lamprey, Western brook lamprey, Southern Oregon Northern California coast coho salmon",,0,5,0.0
180101030401,12094.527950635566,12094.527950635566,"Sacramento pikeminnow, Pacific lamprey, Southern Oregon Northern California coast coho salmon, Northern California coast winter steelhead, California Coast fall Chinook salmon","Southern Oregon Northern California coast coho salmon (165%), Northern California coast winter steelhead (165%), California Coast fall Chinook salmon (165%)",3,5,0.6
180101030402,6539.128860593302,6253.73809052205,"Sacramento pikeminnow, Pacific lamprey, Western brook lamprey, Southern Oregon Northern California coast coho salmon, Northern California coast winter steelhead, California Coast fall Chinook salmon","Pacific lamprey (128%), Western brook lamprey (160%), Southern Oregon Northern California coast coho salmon (320%), Northern California coast winter steelhead (320%), California Coast fall Chinook salmon (320%)",5,6,0.8333333333333334
180101030205,74071.91592027442,59713.41174586161,"Sacramento pikeminnow, Inland threespine stickleback, Pacific lamprey, Western brook lamprey, Southern Oregon Northern California coast coho salmon",,0,5,0.0
180101030502,253081.3010309517,230816.6890462768,"Sacramento pikeminnow, Inland threespine stickleback, Pacific lamprey, River lamprey, Western brook lamprey, Southern Oregon Northern California coast coho salmon, California Coast fall Chinook salmon",,0,7,0.0
180101030302,22898.552123786103,19338.925699362262,"Sacramento pikeminnow, Pacific lamprey, Southern Oregon Northern California coast coho salmon, Northern California coast winter steelhead, Northern California coast summer steelhead, California Coast fall Chinook salmon","Southern Oregon Northern California coast coho salmon (103%), Northern California coast winter steelhead (103%), Northern California coast summer steelhead (103%), California Coast fall Chinook salmon (103%)",4,6,0.6666666666666666
180101030403,8832.228778140643,7439.940906182279,"Sacramento pikeminnow, Pacific lamprey, Western brook lamprey, Southern Oregon Northern California coast coho salmon, Northern California coast winter steelhead, California Coast fall Chinook salmon","Pacific lamprey (108%), Western brook lamprey (134%), Southern Oregon Northern California coast coho salmon (269%), Northern California coast winter steelhead (269%), California Coast fall Chinook salmon (269%)",5,6,0.8333333333333334
180101030503,109125.40453947058,86698.84198424859,"Sacramento pikeminnow, Inland threespine stickleback, Pacific lamprey, River lamprey, Western brook lamprey, Southern Oregon Northern California coast coho salmon, Northern California coast winter steelhead, Northern California coast summer steelhead, California Coast fall Chinook salmon",,0,9,0.0
180101030204,134323.08022903337,127905.09081218699,"Sacramento pikeminnow, Inland threespine stickleback, Pacific lamprey, Western brook lamprey, Southern Oregon Northern California coast coho salmon",,0,5,0.0
180101030203,515484.5021394937,465004.20203472115,"Sacramento pikeminnow, Southern Oregon Northern California coast coho salmon",,0,2,0.0
180101030405,21897.405374583184,17137.114964344044,"Sacramento pikeminnow, Pacific lamprey, Western brook lamprey, Southern Oregon Northern California coast coho salmon, Northern California coast winter steelhead, Northern California coast summer steelhead, California Coast fall Chinook salmon","Southern Oregon Northern California coast coho salmon (117%), Northern California coast winter steelhead (117%), Northern California coast summer steelhead (117%), California Coast fall Chinook salmon (117%)",4,7,0.5714285714285714
180101030301,14573.605358550887,12886.461723269766,"Sacramento pikeminnow, Pacific lamprey, Southern Oregon Northern California coast coho salmon, Northern California coast winter steelhead, California Coast fall Chinook salmon","Southern Oregon Northern California coast coho salmon (155%), Northern California coast winter steelhead (155%), California Coast fall Chinook salmon (155%)",3,5,0.6
180101030504,225287.99350103494,222534.89762063915,"Sacramento pikeminnow, Inland threespine stickleback, Pacific lamprey, River lamprey, Western brook lamprey, Southern Oregon Northern California coast coho salmon, Northern California coast winter steelhead, Northern California coast summer steelhead, California Coast fall Chinook salmon",,0,9,0.0
180101030202,143066.98467151285,127882.29689381948,Sacramento pikeminnow,,0,1,0.0
180101040401,225301.27198594649,175887.79656657705,"Sacramento pikeminnow, Pacific lamprey, Southern Oregon Northern California coast coho salmon, Northern California coast winter steelhead, Northern California coast summer steelhead, California Coast fall Chinook salmon",,0,6,0.0
180101030201,366044.1023901049,321242.49671347154,Sacramento pikeminnow,,0,1,0.0
180101030505,125406.47861003397,119097.33401101797,"Sacramento pikeminnow, Inland threespine stickleback, Pacific lamprey, River lamprey, Western brook lamprey, Southern Oregon Northern California coast coho salmon, Northern California coast winter steelhead, Northern California coast summer steelhead, California Coast fall Chinook salmon",,0,9,0.0
180101030406,19666.919744883176,17969.78072767153,"Sacramento pikeminnow, Pacific lamprey, Western brook lamprey, Southern Oregon Northern California coast coho salmon, Northern California coast winter steelhead, Northern California coast summer steelhead, California Coast fall Chinook salmon","Southern Oregon Northern California coast coho salmon (111%), Northern California coast winter steelhead (111%), Northern California coast summer steelhead (111%), California Coast fall Chinook salmon (111%)",4,7,0.5714285714285714
180101030404,37237.97173333307,36489.868136392324,"Sacramento pikeminnow, Pacific lamprey, Southern Oregon Northern California coast coho salmon, Northern California coast winter steelhead, Northern California coast summer steelhead, California Coast fall Chinook salmon",,0,6,0.0
180101040101,166232.4294983363,150880.417632196,"Sacramento pikeminnow, Pacific lamprey, Southern Oregon Northern California coast coho salmon, Northern California coast winter steelhead, Northern California coast summer steelhead, California Coast fall Chinook salmon",,0,6,0.0
180101040403,184130.78288427793,187026.39862956735,"Sacramento pikeminnow, Pacific lamprey, Southern Oregon Northern California coast coho salmon, Northern California coast winter steelhead, Northern California coast summer steelhead, California Coast fall Chinook salmon",,0,6,0.0
180101040402,59942.63911436604,48581.220405142834,"Sacramento pikeminnow, Pacific lamprey, Northern California coast winter steelhead, Northern California coast summer steelhead, California Coast fall Chinook salmon",,0,5,0.0
180101040103,311616.03674008517,295715.9600636022,"Sacramento pikeminnow, Pacific lamprey, Southern Oregon Northern California coast coho salmon, Northern California coast winter steelhead, Northern California coast summer steelhead, California Coast fall Chinook salmon",,0,6,0.0
180101040505,36635.06174204981,24925.8809450881,"Sacramento pikeminnow, Pacific lamprey, Northern California coast winter steelhead, Northern California coast summer steelhead, California Coast fall Chinook salmon",,0,5,0.0
180101040503,293427.03264564514,266963.27619639935,"Sacramento pikeminnow, Pacific lamprey, Southern Oregon Northern California coast coho salmon, Northern California coast winter steelhead, Northern California coast summer steelhead, California Coast fall Chinook salmon",,0,6,0.0
180101040506,31765.831198948326,27507.186413747615,"Sacramento pikeminnow, Pacific lamprey, Southern Oregon Northern California coast coho salmon, Northern California coast winter steelhead, Northern California coast summer steelhead, California Coast fall Chinook salmon",,0,6,0.0
180101040102,121368.30366111634,105003.30264495718,"Sacramento pikeminnow, Pacific lamprey, Southern Oregon Northern California coast coho salmon, Northern California coast winter steelhead, Northern California coast summer steelhead, California Coast fall Chinook salmon",,0,6,0.0
180101050202,57282.29853378733,46936.46083478365,"Sacramento pikeminnow, Inland threespine stickleback, Pacific lamprey, River lamprey, Western brook lamprey, Southern Oregon Northern California coast coho salmon, Northern California coast winter steelhead, Northern California coast summer steelhead, California Coast fall Chinook salmon",,0,9,0.0
180101040104,214186.88528207995,167633.7032037302,"Sacramento pikeminnow, Pacific lamprey, Southern Oregon Northern California coast coho salmon, Northern California coast winter steelhead, Northern California coast summer steelhead, California Coast fall Chinook salmon",,0,6,0.0
180101060102,46006.06998420886,39196.83400976493,"Sacramento pikeminnow, Pacific lamprey, Southern Oregon Northern California coast coho salmon, Northern California coast winter steelhead, Northern California coast summer steelhead, California Coast fall Chinook salmon",,0,6,0.0
180101050201,30882.22546132008,30882.22546132008,"Sacramento pikeminnow, Pacific lamprey, Southern Oregon Northern California coast coho salmon, Northern California coast winter steelhead, Northern California coast summer steelhead",,0,5,0.0
180101040304,35679.05415456575,34931.1750503856,"Sacramento pikeminnow, Pacific lamprey, Southern Oregon Northern California coast coho salmon, Northern California coast winter steelhead, Northern California coast summer steelhead, California Coast fall Chinook salmon",,0,6,0.0
180101050203,74477.07119135192,60676.94699417468,"Sacramento pikeminnow, Inland threespine stickleback, Pacific lamprey, River lamprey, Western brook lamprey, Southern Oregon Northern California coast coho salmon, Northern California coast winter steelhead, Northern California coast summer steelhead, California Coast fall Chinook salmon",,0,9,0.0
180101060104,99668.24836251567,84478.68653167771,"Sacramento pikeminnow, Pacific lamprey, Southern Oregon Northern California coast coho salmon, Northern California coast winter steelhead, Northern California coast summer steelhead, California Coast fall Chinook salmon",,0,6,0.0
180101040301,10322.548968678053,9442.499106082892,"Sacramento pikeminnow, Pacific lamprey, Northern California coast winter steelhead, Northern California coast summer steelhead, California Coast fall Chinook salmon","Northern California coast winter steelhead (212%), Northern California coast summer steelhead (212%), California Coast fall Chinook salmon (212%)",3,5,0.6
180101040207,44745.62868627614,38260.669536317226,"Sacramento pikeminnow, Pacific lamprey, Southern Oregon Northern California coast coho salmon, Northern California coast summer steelhead, California Coast fall Chinook salmon",,0,5,0.0
180101040501,54072.32252092145,42328.352158876005,"Sacramento pikeminnow, Pacific lamprey, Northern California coast winter steelhead, Northern California coast summer steelhead, California Coast fall Chinook salmon",,0,5,0.0
180101040205,57424.64459548461,47321.48659492974,"Sacramento pikeminnow, Pacific lamprey, Northern California coast summer steelhead",,0,3,0.0
180101050107,237541.08789573962,211457.39676755428,"Sacramento pikeminnow, Pacific lamprey, Northern California coast winter steelhead, Northern California coast summer steelhead",,0,4,0.0
180101050108,105117.74700729987,79601.68148944492,"Sacramento pikeminnow, Pacific lamprey, Southern Oregon Northern California coast coho salmon, Northern California coast winter steelhead, Northern California coast summer steelhead",,0,5,0.0
180101060305,1924.6572409613764,1631.1010685761994,"Sacramento pikeminnow, Inland threespine stickleback, Pacific lamprey, Western brook lamprey, Southern Oregon Northern California coast coho salmon, Northern California coast winter steelhead, Northern California coast summer steelhead, California Coast fall Chinook salmon","Sacramento pikeminnow (245%), Inland threespine stickleback (368%), Pacific lamprey (490%), Western brook lamprey (613%), Southern Oregon Northern California coast coho salmon (1226%), Northern California coast winter steelhead (1226%), Northern California coast summer steelhead (1226%), California Coast fall Chinook salmon (1226%)",8,8,1.0
180101050401,31137.405523540958,30394.092746610342,"Sacramento pikeminnow, Inland threespine stickleback, Pacific lamprey, Southern Oregon Northern California coast coho salmon, Northern California coast winter steelhead, Northern California coast summer steelhead",,0,6,0.0
180101050403,242893.9723610495,213455.6682200991,"Sacramento pikeminnow, Inland threespine stickleback, Pacific lamprey, River lamprey, Western brook lamprey, Southern Oregon Northern California coast coho salmon, Northern California coast winter steelhead, Northern California coast summer steelhead, California Coast fall Chinook salmon",,0,9,0.0
180101060401,6769.3060059501195,6509.667733543395,"Sacramento pikeminnow, Inland threespine stickleback, Pacific lamprey, Western brook lamprey, Southern Oregon Northern California coast coho salmon, Northern California coast winter steelhead, Northern California coast summer steelhead, California Coast fall Chinook salmon","Pacific lamprey (123%), Western brook lamprey (154%), Southern Oregon Northern California coast coho salmon (307%), Northern California coast winter steelhead (307%), Northern California coast summer steelhead (307%), California Coast fall Chinook salmon (307%)",6,8,0.75
180101060202,65884.15395233461,66654.05002214515,"Sacramento pikeminnow, Inland threespine stickleback, Pacific lamprey, Southern Oregon Northern California coast coho salmon, Northern California coast winter steelhead, Northern California coast summer steelhead, California Coast fall Chinook salmon",,0,7,0.0
180101050104,25923.88003221524,24590.568066036987,"Sacramento pikeminnow, Pacific lamprey, Southern Oregon Northern California coast coho salmon, Northern California coast winter steelhead, Northern California coast summer steelhead",,0,5,0.0
180101050404,3312.3501940813585,3005.030872597001,"Sacramento pikeminnow, Pacific lamprey, Southern Oregon Northern California coast coho salmon, Northern California coast winter steelhead, Northern California coast summer steelhead, California Coast fall Chinook salmon","Sacramento pikeminnow (133%), Pacific lamprey (266%), Southern Oregon Northern California coast coho salmon (666%), Northern California coast winter steelhead (666%), Northern California coast summer steelhead (666%), California Coast fall Chinook salmon (666%)",6,6,1.0
180101050103,39421.67644245109,39421.67644245109,"Sacramento pikeminnow, Pacific lamprey, Southern Oregon Northern California coast coho salmon, Northern California coast winter steelhead, Northern California coast summer steelhead",,0,5,0.0
180101050402,128567.29122740966,107336.76912871748,"Sacramento pikeminnow, Pacific lamprey, Southern Oregon Northern California coast coho salmon, Northern California coast winter steelhead, Northern California coast summer steelhead, California Coast fall Chinook salmon",,0,6,0.0
180101050105,45789.83700146431,44591.01797078803,"Sacramento pikeminnow, Pacific lamprey, Southern Oregon Northern California coast coho salmon, Northern California coast winter steelhead, Northern California coast summer steelhead",,0,5,0.0
180101050102,238708.52402833445,238708.52402833445,"Sacramento pikeminnow, Pacific lamprey, Southern Oregon Northern California coast coho salmon, Northern California coast winter steelhead, Northern California coast summer steelhead",,0,5,0.0
180101020202,345268.99630828033,277978.2946473244,"Sacramento pikeminnow, Pacific lamprey",,0,2,0.0
180101050301,35408.20108828636,35408.20108828636,"Sacramento pikeminnow, Pacific lamprey, Southern Oregon Northern California coast coho salmon, Northern California coast winter steelhead, Northern California coast summer steelhead, California Coast fall Chinook salmon",,0,6,0.0
180101050303,16938.887288956208,13513.546756831649,"Sacramento pikeminnow, Pacific lamprey, Southern Oregon Northern California coast coho salmon, Northern California coast winter steelhead, Northern California coast summer steelhead, California Coast fall Chinook salmon","Southern Oregon Northern California coast coho salmon (148%), Northern California coast winter steelhead (148%), Northern California coast summer steelhead (148%), California Coast fall Chinook salmon (148%)",4,6,0.6666666666666666
180101050501,155.15611933749514,119.51217211995305,"Sacramento pikeminnow, Inland threespine stickleback, Pacific lamprey, River lamprey, Western brook lamprey, Southern Oregon Northern California coast coho salmon, Northern California coast winter steelhead, Northern California coast summer steelhead, California Coast fall Chinook salmon","Sacramento pikeminnow (3347%), Inland threespine stickleback (5020%), Pacific lamprey (6694%), River lamprey (8367%), Western brook lamprey (8367%), Southern Oregon Northern California coast coho salmon (16735%), Northern California coast winter steelhead (16735%), Northern California coast summer steelhead (16735%), California Coast fall Chinook salmon (16735%)",9,9,1.0
180101050701,107859.59099766689,98087.64272722934,"Sacramento pikeminnow, Pacific lamprey",,0,2,0.0
180101060407,23596.01889902106,19376.643756513768,"Northern green sturgeon, Sacramento pikeminnow, Inland threespine stickleback, Pacific lamprey, Western brook lamprey, Southern Oregon Northern California coast coho salmon, Northern California coast winter steelhead, Northern California coast summer steelhead, California Coast fall Chinook salmon","Southern Oregon Northern California coast coho salmon (103%), Northern California coast winter steelhead (103%), Northern California coast summer steelhead (103%), California Coast fall Chinook salmon (103%)",4,9,0.4444444444444444
180101020203,184570.2420758901,174174.1718804086,"Sacramento pikeminnow, Pacific lamprey",,0,2,0.0
180101050502,34629.459846313395,30237.74653080553,"Northern green sturgeon, Sacramento pikeminnow, Inland threespine stickleback, Pacific lamprey, River lamprey, Western brook lamprey, Southern Oregon Northern California coast coho salmon, Northern California coast winter steelhead, Northern California coast summer steelhead, California Coast fall Chinook salmon",,0,10,0.0
180101060406,41001.27675384296,41001.27675384296,"Sacramento pikeminnow, Pacific lamprey, Western brook lamprey, Southern Oregon Northern California coast coho salmon, Northern California coast winter steelhead, Northern California coast summer steelhead, California Coast fall Chinook salmon",,0,7,0.0
180101050601,149675.38945292376,149675.38945292376,"Sacramento pikeminnow, Pacific lamprey, Northern California coast winter steelhead, Northern California coast summer steelhead",,0,4,0.0
180101050902,435787.74917481333,337323.9811629133,"Sacramento pikeminnow, Pacific lamprey, Northern California coast winter steelhead, Northern California coast summer steelhead",,0,4,0.0
180101051002,28733.66638841383,22513.71115807358,"Northern green sturgeon, White sturgeon, Sacramento pikeminnow, Inland threespine stickleback, Pacific lamprey, River lamprey, Western brook lamprey, Southern Oregon Northern California coast coho salmon, Northern California coast winter steelhead, Northern California coast summer steelhead, California Coast fall Chinook salmon",,0,11,0.0
180101050905,31365.060531774827,31006.653931992623,"Sacramento pikeminnow, Inland threespine stickleback, Pacific lamprey, Southern Oregon Northern California coast coho salmon, Northern California coast winter steelhead, Northern California coast summer steelhead, California Coast fall Chinook salmon",,0,7,0.0
180101050703,162786.59925372948,161322.4895484327,"Sacramento pikeminnow, Pacific lamprey, Northern California coast summer steelhead",,0,3,0.0
180101050904,5182.215816461581,5103.670591696398,"Sacramento pikeminnow, Pacific lamprey, Southern Oregon Northern California coast coho salmon, Northern California coast winter steelhead, Northern California coast summer steelhead, California Coast fall Chinook salmon","Pacific lamprey (157%), Southern Oregon Northern California coast coho salmon (392%), Northern California coast winter steelhead (392%), Northern California coast summer steelhead (392%), California Coast fall Chinook salmon (392%)",5,6,0.8333333333333334
180101051003,128699.10344393818,102892.59884238805,"Northern green sturgeon, White sturgeon, Sacramento pikeminnow, Inland threespine stickleback, Pacific lamprey, River lamprey, Western brook lamprey, Southern Oregon Northern California coast coho salmon, Northern California coast winter steelhead, Northern California coast summer steelhead, California Coast fall Chinook salmon",,0,11,0.0
180101020302,636455.2689496864,504750.82516331924,"Sacramento pikeminnow, Pacific lamprey, Southern Oregon Northern California coast coho salmon, Northern California coast winter steelhead, Northern California coast summer steelhead",,0,5,0.0
180101050903,121928.22517510566,113583.31305888674,"Sacramento pikeminnow, Pacific lamprey, Southern Oregon Northern California coast coho salmon, Northern California coast winter steelhead, Northern California coast summer steelhead, California Coast fall Chinook salmon",,0,6,0.0
180101050906,145723.29787574674,149541.1076856343,"Northern green sturgeon, White sturgeon, Sacramento pikeminnow, Inland threespine stickleback, Pacific lamprey, Western brook lamprey, Southern Oregon Northern California coast coho salmon, Northern California coast winter steelhead, Northern California coast summer steelhead, California Coast fall Chinook salmon",,0,10,0.0
180101050803,54573.40522900874,48237.05431170656,"Northern green sturgeon, Sacramento pikeminnow, Inland threespine stickleback, Pacific lamprey, Western brook lamprey, Southern Oregon Northern California coast coho salmon, Northern California coast winter steelhead, Northern California coast summer steelhead, California Coast fall Chinook salmon",,0,9,0.0
180101051101,79248.24996505004,75888.63067383488,"Northern green sturgeon, Sacramento pikeminnow, Pacific lamprey, River lamprey, Western brook lamprey, Southern Oregon Northern California coast coho salmon, Northern California coast winter steelhead, Northern California coast summer steelhead, California Coast fall Chinook salmon",,0,9,0.0
180101050801,95369.14415812425,91870.36990515309,"Sacramento pikeminnow, Pacific lamprey, Western brook lamprey, Southern Oregon Northern California coast coho salmon, Northern California coast winter steelhead, Northern California coast summer steelhead",,0,6,0.0
180101020604,45685.82353794467,43382.8063300572,"Sacramento pikeminnow, Pacific lamprey, River lamprey, Western brook lamprey, Southern Oregon Northern California coast coho salmon, Northern California coast winter steelhead, California Coast fall Chinook salmon",,0,7,0.0
180101020301,441542.24517657555,394748.28552155744,"Sacramento pikeminnow, Pacific lamprey, Southern Oregon Northern California coast coho salmon, Northern California coast winter steelhead, Northern California coast summer steelhead",,0,5,0.0
180101051102,72666.63992202509,71909.26714923616,"Northern green sturgeon, White sturgeon, Sacramento pikeminnow, Northern tidewater goby, Longfin smelt, Pacific lamprey, River lamprey, Western brook lamprey, Southern Oregon Northern California coast coho salmon, Northern California coast winter steelhead, Northern California coast summer steelhead, California Coast fall Chinook salmon",,0,12,0.0
180101020401,607418.3929892287,607418.3929892287,"Sacramento pikeminnow, Pacific lamprey, Southern Oregon Northern California coast coho salmon, Northern California coast winter steelhead, Northern California coast summer steelhead",,0,5,0.0
180101050802,47516.45582884297,39357.555363171414,"Sacramento pikeminnow, Pacific lamprey, Western brook lamprey, Southern Oregon Northern California coast coho salmon, Northern California coast winter steelhead, Northern California coast summer steelhead, California Coast fall Chinook salmon",,0,7,0.0
180101020602,153010.45800255227,136223.6026531662,"Sacramento pikeminnow, Northern tidewater goby, Pacific lamprey, Western brook lamprey, Southern Oregon Northern California coast coho salmon, Northern California coast winter steelhead, California Coast fall Chinook salmon",,0,7,0.0
180101020601,16955.899675623245,15969.970842771363,"Sacramento pikeminnow, Northern tidewater goby, Pacific lamprey, Western brook lamprey, Southern Oregon Northern California coast coho salmon, Northern California coast winter steelhead, California Coast fall Chinook salmon","Southern Oregon Northern California coast coho salmon (125%), Northern California coast winter steelhead (125%), California Coast fall Chinook salmon (125%)",3,7,0.42857142857142855
180101020406,179177.29763156959,159344.22752146583,"Sacramento pikeminnow, Inland threespine stickleback, Pacific lamprey, Western brook lamprey, Southern Oregon Northern California coast coho salmon, Northern California coast winter steelhead, Northern California coast summer steelhead, California Coast fall Chinook salmon",,0,8,0.0
180101020404,7459.045097846102,6890.77931878695,"Sacramento pikeminnow, Pacific lamprey, Western brook lamprey, Southern Oregon Northern California coast coho salmon, Northern California coast winter steelhead, California Coast fall Chinook salmon","Pacific lamprey (116%), Western brook lamprey (145%), Southern Oregon Northern California coast coho salmon (290%), Northern California coast winter steelhead (290%), California Coast fall Chinook salmon (290%)",5,6,0.8333333333333334
180101020102,8088.535445784834,6103.289341665912,"Sacramento pikeminnow, Pacific lamprey, Western brook lamprey, Southern Oregon Northern California coast coho salmon, Northern California coast winter steelhead, California Coast fall Chinook salmon","Pacific lamprey (131%), Western brook lamprey (164%), Southern Oregon Northern California coast coho salmon (328%), Northern California coast winter steelhead (328%), California Coast fall Chinook salmon (328%)",5,6,0.8333333333333334
180101020407,89.29342676767996,82.03136484050816,"White sturgeon, Sacramento pikeminnow, Pacific lamprey, Western brook lamprey, Southern Oregon Northern California coast coho salmon, Northern California coast winter steelhead, California Coast fall Chinook salmon","White sturgeon (4876%), Sacramento pikeminnow (4876%), Pacific lamprey (9752%), Western brook lamprey (12190%), Southern Oregon Northern California coast coho salmon (24381%), Northern California coast winter steelhead (24381%), California Coast fall Chinook salmon (24381%)",7,7,1.0
180101020405,19809.709869477338,17590.535124327514,"Sacramento pikeminnow, Inland threespine stickleback, Pacific lamprey, Western brook lamprey, Southern Oregon Northern California coast coho salmon, Northern California coast winter steelhead, Northern California coast summer steelhead, California Coast fall Chinook salmon","Southern Oregon Northern California coast coho salmon (114%), Northern California coast winter steelhead (114%), Northern California coast summer steelhead (114%), California Coast fall Chinook salmon (114%)",4,8,0.5
180101020502,15367.518257200829,13417.248928891851,"Sacramento pikeminnow, Northern tidewater goby, Inland threespine stickleback, Pacific lamprey, River lamprey, Western brook lamprey, Southern Oregon Northern California coast coho salmon, Northern California coast winter steelhead, California Coast fall Chinook salmon","Southern Oregon Northern California coast coho salmon (149%), Northern California coast winter steelhead (149%), California Coast fall Chinook salmon (149%)",3,9,0.3333333333333333
180101020103,7144.849422824969,5851.876316920807,"Sacramento pikeminnow, Pacific lamprey, Western brook lamprey, Southern Oregon Northern California coast coho salmon, Northern California coast winter steelhead, California Coast fall Chinook salmon","Pacific lamprey (137%), Western brook lamprey (171%), Southern Oregon Northern California coast coho salmon (342%), Northern California coast winter steelhead (342%), California Coast fall Chinook salmon (342%)",5,6,0.8333333333333334
180101020104,15208.679733720466,13455.456159365835,"Sacramento pikeminnow, Inland threespine stickleback, Pacific lamprey, River lamprey, Western brook lamprey, Southern Oregon Northern California coast coho salmon, Northern California coast winter steelhead, Northern California coast summer steelhead, California Coast fall Chinook salmon","Southern Oregon Northern California coast coho salmon (149%), Northern California coast winter steelhead (149%), Northern California coast summer steelhead (149%), California Coast fall Chinook salmon (149%)",4,9,0.4444444444444444
180101020106,374.3669102309476,374.3669102309476,"Sacramento pikeminnow, Inland threespine stickleback, Pacific lamprey, River lamprey, Western brook lamprey, Southern Oregon Northern California coast coho salmon, Northern California coast winter steelhead, Northern California coast summer steelhead, California Coast fall Chinook salmon","Sacramento pikeminnow (1068%), Inland threespine stickleback (1603%), Pacific lamprey (2137%), River lamprey (2671%), Western brook lamprey (2671%), Southern Oregon Northern California coast coho salmon (5342%), Northern California coast winter steelhead (5342%), Northern California coast summer steelhead (5342%), California Coast fall Chinook salmon (5342%)",9,9,1.0
180101040203,270386.7048658632,212236.82030677912,"Sacramento pikeminnow, Pacific lamprey, Northern California coast summer steelhead",,0,3,0.0
180101040204,86420.14375054734,83447.88558516627,"Sacramento pikeminnow, Pacific lamprey, Northern California coast summer steelhead",,0,3,0.0
180101040201,81211.81546856706,78133.08920514924,"Sacramento pikeminnow, Pacific lamprey, Northern California coast summer steelhead",,0,3,0.0
180101050106,88140.37757185596,74235.83257175842,"Sacramento pikeminnow, Pacific lamprey, Northern California coast winter steelhead, Northern California coast summer steelhead",,0,4,0.0
180101020201,353123.8144649287,306661.72955610335,"Sacramento pikeminnow, Pacific lamprey",,0,2,0.0
180101040202,273740.45156181004,273740.45156181004,"Sacramento pikeminnow, Pacific lamprey, Northern California coast summer steelhead",,0,3,0.0
180101040206,156158.99652245856,155332.93598428252,"Sacramento pikeminnow, Pacific lamprey, Northern California coast summer steelhead",,0,3,0.0
180101030506,21316.006938443996,16672.640176855788,"Sacramento pikeminnow, Inland threespine stickleback, Pacific lamprey, River lamprey, Western brook lamprey, Southern Oregon Northern California coast coho salmon, Northern California coast winter steelhead, Northern California coast summer steelhead, California Coast fall Chinook salmon","Southern Oregon Northern California coast coho salmon (120%), Northern California coast winter steelhead (120%), Northern California coast summer steelhead (120%), California Coast fall Chinook salmon (120%)",4,9,0.4444444444444444
180101020605,4618.088434474313,4437.808068469328,"Northern green sturgeon, Sacramento pikeminnow, Northern tidewater goby, Longfin smelt, Pacific lamprey, River lamprey, Western brook lamprey, Southern Oregon Northern California coast coho salmon, Northern California coast winter steelhead, California Coast fall Chinook salmon","Northern tidewater goby (135%), Longfin smelt (180%), Pacific lamprey (180%), River lamprey (225%), Western brook lamprey (225%), Southern Oregon Northern California coast coho salmon (451%), Northern California coast winter steelhead (451%), California Coast fall Chinook salmon (451%)",8,10,0.8
